{
  "Todas as Litofacies": {
    "q_low": 0.0444,
    "q_high": 2.65,
    "stats_todos": {
      "media": 0.7271034482758622,
      "mediana": 0.14,
      "moda": 0.06,
      "std": 1.2432863693327383,
      "max": 5.0,
      "min": 0.03,
      "n": 145
    },
    "stats_filtrados": {
      "media": 0.4240601503759398,
      "mediana": 0.14,
      "moda": 0.06,
      "std": 0.6415547374955682,
      "max": 2.65,
      "min": 0.05,
      "n": 133
    },
    "quantis": {
      "q80": 0.5720000000000011,
      "q85": 0.95,
      "q90": 1.15,
      "q95": 1.75,
      "q99": 2.65
    },
    "histograma": {
      "valores": [
        0.06,
        0.06,
        0.14,
        0.12,
        0.05,
        0.08,
        0.05,
        0.1,
        0.06,
        0.06,
        0.12,
        0.08,
        0.08,
        0.22,
        0.22,
        0.06,
        0.1,
        0.06,
        0.27,
        0.08,
        0.06,
        0.06,
        0.14,
        0.06,
        0.05,
        0.05,
        0.14,
        0.06,
        0.06,
        0.06,
        0.27,
        0.1,
        0.06,
        0.1,
        0.27,
        0.14,
        0.22,
        0.12,
        0.22,
        0.18,
        0.18,
        0.33,
        0.08,
        0.33,
        0.05,
        0.22,
        0.18,
        0.33,
        0.33,
        0.5,
        0.4,
        0.95,
        0.18,
        0.08,
        0.4,
        0.08,
        0.75,
        0.06,
        0.14,
        0.08,
        0.06,
        0.1,
        0.06,
        0.06,
        0.06,
        0.06,
        0.06,
        0.06,
        1.75,
        0.27,
        0.62,
        0.14,
        0.33,
        0.06,
        0.06,
        0.5,
        0.95,
        0.5,
        0.05,
        0.27,
        0.27,
        0.95,
        0.08,
        0.06,
        0.05,
        0.05,
        1.4,
        0.08,
        0.5,
        0.62,
        0.06,
        0.06,
        0.1,
        0.12,
        0.08,
        0.1,
        0.08,
        0.08,
        0.12,
        0.06,
        0.06,
        0.75,
        1.75,
        0.05,
        0.14,
        0.95,
        2.65,
        1.75,
        1.15,
        1.15,
        0.4,
        0.33,
        2.65,
        2.65,
        2.65,
        2.65,
        1.75,
        1.75,
        1.4,
        2.65,
        0.08,
        0.22,
        0.14,
        0.14,
        0.08,
        0.14,
        0.95,
        1.15,
        0.12,
        0.22,
        1.15,
        1.15,
        0.5
      ]
    }
  },
  "LMC+LMT+MUD": {
    "q_low": 0.0444,
    "q_high": 2.65,
    "stats_todos": {
      "media": 0.7271034482758622,
      "mediana": 0.14,
      "moda": 0.06,
      "std": 1.2432863693327383,
      "max": 5.0,
      "min": 0.03,
      "n": 145
    },
    "stats_filtrados": {
      "media": 0.62,
      "mediana": 0.06,
      "moda": 0.05,
      "std": 0.9786214794290997,
      "max": 1.75,
      "min": 0.05,
      "n": 3
    },
    "quantis": {
      "q80": 1.0740000000000003,
      "q85": 1.2429999999999999,
      "q90": 1.4120000000000001,
      "q95": 1.581,
      "q99": 1.7162
    },
    "histograma": {
      "valores": [
        0.06,
        1.75,
        0.05
      ]
    }
  },
  "ARN": {
    "erro": "Nenhum dado para os filtros selecionados."
  },
  "ETR": {
    "q_low": 0.0444,
    "q_high": 2.65,
    "stats_todos": {
      "media": 0.7271034482758622,
      "mediana": 0.14,
      "moda": 0.06,
      "std": 1.2432863693327383,
      "max": 5.0,
      "min": 0.03,
      "n": 145
    },
    "stats_filtrados": {
      "media": 0.5448888888888888,
      "mediana": 0.1,
      "moda": 0.06,
      "std": 0.8724745951555949,
      "max": 2.65,
      "min": 0.05,
      "n": 45
    },
    "quantis": {
      "q80": 1.15,
      "q85": 1.5399999999999994,
      "q90": 2.2900000000000014,
      "q95": 2.65,
      "q99": 2.65
    },
    "histograma": {
      "valores": [
        0.06,
        0.06,
        0.14,
        0.12,
        0.05,
        0.08,
        0.05,
        0.1,
        0.06,
        0.06,
        0.12,
        0.08,
        0.08,
        0.22,
        0.22,
        0.06,
        0.1,
        0.27,
        0.08,
        0.06,
        0.06,
        0.14,
        0.06,
        0.05,
        0.05,
        0.14,
        0.06,
        0.06,
        0.06,
        0.27,
        0.1,
        0.06,
        0.06,
        0.75,
        2.65,
        2.65,
        2.65,
        2.65,
        1.75,
        1.75,
        1.4,
        2.65,
        0.08,
        1.15,
        1.15
      ]
    }
  },
  "GRT": {
    "q_low": 0.0444,
    "q_high": 2.65,
    "stats_todos": {
      "media": 0.7271034482758622,
      "mediana": 0.14,
      "moda": 0.06,
      "std": 1.2432863693327383,
      "max": 5.0,
      "min": 0.03,
      "n": 145
    },
    "stats_filtrados": {
      "media": 0.41483333333333333,
      "mediana": 0.22,
      "moda": 0.08,
      "std": 0.49907538803055906,
      "max": 2.65,
      "min": 0.05,
      "n": 60
    },
    "quantis": {
      "q80": 0.62,
      "q85": 0.95,
      "q90": 0.95,
      "q95": 1.4174999999999989,
      "q99": 2.118999999999997
    },
    "histograma": {
      "valores": [
        0.1,
        0.27,
        0.14,
        0.22,
        0.12,
        0.22,
        0.18,
        0.18,
        0.33,
        0.08,
        0.33,
        0.05,
        0.22,
        0.18,
        0.33,
        0.33,
        0.5,
        0.4,
        0.95,
        0.18,
        0.08,
        0.4,
        0.08,
        0.75,
        0.06,
        1.75,
        0.27,
        0.62,
        0.14,
        0.33,
        0.06,
        0.06,
        0.5,
        0.95,
        0.5,
        0.05,
        0.27,
        0.27,
        0.95,
        0.08,
        0.06,
        0.05,
        0.05,
        1.4,
        0.08,
        0.5,
        0.62,
        0.14,
        0.95,
        2.65,
        1.75,
        0.22,
        0.14,
        0.14,
        0.08,
        0.14,
        0.95,
        1.15,
        0.12,
        0.22
      ]
    }
  },
  "HET": {
    "q_low": 0.0444,
    "q_high": 2.65,
    "stats_todos": {
      "media": 0.7271034482758622,
      "mediana": 0.14,
      "moda": 0.06,
      "std": 1.2432863693327383,
      "max": 5.0,
      "min": 0.03,
      "n": 145
    },
    "stats_filtrados": {
      "media": 0.074,
      "mediana": 0.06,
      "moda": 0.06,
      "std": 0.026749870196985177,
      "max": 0.14,
      "min": 0.06,
      "n": 10
    },
    "quantis": {
      "q80": 0.084,
      "q85": 0.093,
      "q90": 0.104,
      "q95": 0.12199999999999997,
      "q99": 0.13640000000000002
    },
    "histograma": {
      "valores": [
        0.14,
        0.08,
        0.06,
        0.1,
        0.06,
        0.06,
        0.06,
        0.06,
        0.06,
        0.06
      ]
    }
  },
  "LEIOLITO": {
    "erro": "Nenhum dado para os filtros selecionados."
  },
  "LMC": {
    "q_low": 0.0444,
    "q_high": 2.65,
    "stats_todos": {
      "media": 0.7271034482758622,
      "mediana": 0.14,
      "moda": 0.06,
      "std": 1.2432863693327383,
      "max": 5.0,
      "min": 0.03,
      "n": 145
    },
    "stats_filtrados": {
      "media": 1.75,
      "mediana": 1.75,
      "moda": 1.75,
      "std": 0.0,
      "max": 1.75,
      "min": 1.75,
      "n": 1
    },
    "quantis": {
      "q80": 1.75,
      "q85": 1.75,
      "q90": 1.75,
      "q95": 1.75,
      "q99": 1.75
    },
    "histograma": {
      "valores": [
        1.75
      ]
    }
  },
  "LMT": {
    "q_low": 0.0444,
    "q_high": 2.65,
    "stats_todos": {
      "media": 0.7271034482758622,
      "mediana": 0.14,
      "moda": 0.06,
      "std": 1.2432863693327383,
      "max": 5.0,
      "min": 0.03,
      "n": 145
    },
    "stats_filtrados": {
      "media": 0.06,
      "mediana": 0.06,
      "moda": 0.06,
      "std": 0.0,
      "max": 0.06,
      "min": 0.06,
      "n": 1
    },
    "quantis": {
      "q80": 0.06,
      "q85": 0.06,
      "q90": 0.06,
      "q95": 0.06,
      "q99": 0.06
    },