{
  "Todas as Litofacies": {
    "q_low": 11.91,
    "q_high": 130.8,
    "stats": {
      "media": 60.888888888888886,
      "mediana": 56.0,
      "moda": 25.0,
      "std": 29.859385895134196,
      "max": 130.0,
      "min": 12.0,
      "n": 342
    },
    "quantis": {
      "q80": 90.0,
      "q85": 100.0,
      "q90": 109.0,
      "q95": 116.94999999999999,
      "q99": 122.3599999999999
    },
    "valores": [
      90.0,
      70.0,
      90.0,
      65.0,
      100.0,
      100.0,
      70.0,
      100.0,
      70.0,
      68.0,
      68.0,
      100.0,
      68.0,
      100.0,
      68.0,
      90.0,
      90.0,
      72.0,
      72.0,
      72.0,
      90.0,
      75.0,
      74.0,
      75.0,
      120.0,
      120.0,
      80.0,
      80.0,
      80.0,
      80.0,
      80.0,
      80.0,
      80.0,
      80.0,
      74.0,
      74.0,
      74.0,
      74.0,
      74.0,
      78.0,
      78.0,
      78.0,
      78.0,
      78.0,
      75.0,
      75.0,
      73.0,
      70.0,
      105.0,
      60.0,
      84.0,
      59.0,
      46.0,
      50.0,
      48.0,
      33.0,
      39.0,
      69.0,
      75.0,
      24.0,
      58.0,
      76.0,
      41.0,
      27.0,
      50.0,
      30.0,
      32.0,
      41.0,
      71.0,
      68.0,
      76.0,
      25.0,
      100.0,
      42.0,
      110.0,
      62.0,
      73.0,
      120.0,
      108.0,
      125.0,
      130.0,
      59.0,
      115.0,
      115.0,
      115.0,
      115.0,
      115.0,
      115.0,
      115.0,
      115.0,
      124.0,
      120.0,
      120.0,
      120.0,
      63.0,
      37.0,
      30.0,
      96.0,
      38.0,
      98.0,
      40.0,
      19.0,
      12.0,
      44.0,
      48.0,
      58.0,
      31.0,
      31.0,
      15.0,
      16.0,
      30.0,
      17.0,
      28.0,
      27.0,
      17.0,
      18.0,
      18.0,
      23.0,
      38.0,
      17.0,
      63.0,
      38.0,
      21.0,
      51.0,
      103.0,
      90.0,
      95.0,
      110.0,
      105.0,
      100.0,
      120.0,
      98.0,
      110.0,
      108.0,
      118.0,
      109.0,
      114.0,
      57.0,
      58.0,
      70.0,
      85.0,
      76.0,
      116.0,
      55.0,
      97.0,
      106.0,
      101.0,
      51.0,
      101.0,
      45.0,
      51.0,
      90.0,
      48.0,
      120.0,
      110.0,
      84.0,
      49.0,
      98.0,
      62.0,
      84.0,
      54.0,
      91.0,
      120.0,
      109.0,
      117.0,
      55.0,
      48.0,
      51.0,
      25.0,
      25.0,
      27.0,
      29.0,
      22.0,
      22.0,
      22.0,
      22.0,
      23.0,
      24.0,
      25.0,
      19.0,
      19.0,
      22.0,
      22.0,
      24.0,
      22.0,
      117.0,
      50.0,
      58.0,
      32.0,
      34.0,
      37.0,
      37.0,
      35.0,
      38.0,
      38.0,
      38.0,
      33.0,
      32.0,
      25.0,
      25.0,
      25.0,
      25.0,
      25.0,
      25.0,
      25.0,
      28.0,
      27.0,
      28.0,
      24.0,
      28.0,
      27.0,
      27.0,
      27.0,
      25.0,
      44.0,
      34.0,
      35.0,
      55.0,
      37.0,
      34.0,
      39.0,
      44.0,
      30.0,
      30.0,
      42.0,
      26.0,
      33.0,
      28.0,
      34.0,
      35.0,
      56.0,
      82.0,
      82.0,
      83.0,
      78.0,
      84.0,
      81.0,
      78.0,
      98.0,
      78.0,
      120.0,
      70.0,
      58.0,
      58.0,
      62.0,
      62.0,
      62.0,
      62.0,
      62.0,
      64.0,
      64.0,
      61.0,
      61.0,
      98.0,
      30.0,
      34.0,
      38.0,
      53.0,
      53.0,
      46.0,
      49.0,
      50.0,
      49.0,
      46.0,
      55.0,
      57.0,
      50.0,
      76.0,
      73.0,
      43.0,
      44.0,
      110.0,
      50.0,
      42.0,
      42.0,
      101.0,
      50.0,
      39.0,
      68.0,
      41.0,
      54.0,
      51.0,
      53.0,
      52.0,
      32.0,
      45.0,
      54.0,
      70.0,
      45.0,
      38.0,
      38.0,
      75.0,
      40.0,
      94.0,
      61.0,
      95.0,
      33.0,
      38.0,
      34.0,
      49.0,
      43.0,
      60.0,
      41.0,
      30.0,
      56.0,
      56.0,
      56.0,
      56.0,
      60.0,
      60.0,
      60.0,
      35.0,
      32.0,
      35.0,
      56.0,
      33.0,
      34.0,
      30.0,
      33.0,
      32.0,
      33.0,
      29.0,
      30.0,
      34.0,
      37.0,
      38.0,
      39.0,
      43.0,
      82.0,
      82.0,
      55.0,
      100.0,
      53.0,
      117.0,
      50.0,
      58.0,
      125.0,
      56.0,
      56.0,
      115.0,
      70.0,
      40.0
    ]
  },
  "LMC+LMT+MUD": {
    "q_low": 22.0,
    "q_high": 230.00000000000006,
    "stats": {
      "media": 64.3125,
      "mediana": 25.0,
      "moda": 22.0,
      "std": 64.91401363855624,
      "max": 200.0,
      "min": 22.0,
      "n": 16
    },
    "quantis": {
      "q80": 117.0,
      "q85": 143.25,
      "q90": 168.5,
      "q95": 188.75,
      "q99": 197.75
    },
    "valores": [
      200.0,
      185.0,
      152.0,
      109.0,
      117.0,
      25.0,
      25.0,
      27.0,
      29.0,
      22.0,
      22.0,
      22.0,
      22.0,
      23.0,
      24.0,
      25.0
    ]
  },
  "ARN": {
    "q_low": 40.0,
    "q_high": 40.0,
    "stats": {
      "media": 40.0,
      "mediana": 40.0,
      "moda": 40.0,
      "std": 0.0,
      "max": 40.0,
      "min": 40.0,
      "n": 1
    },
    "quantis": {
      "q80": 40.0,
      "q85": 40.0,
      "q90": 40.0,
      "q95": 40.0,
      "q99": 40.0
    },
    "valores": [
      40.0
    ]
  },
  "ETR": {
    "q_low": 30.0,
    "q_high": 135.2,
    "stats": {
      "media": 72.31111111111112,
      "mediana": 72.0,
      "moda": 80.0,
      "std": 25.31398842439193,
      "max": 135.0,
      "min": 30.0,
      "n": 135
    },
    "quantis": {
      "q80": 98.0,
      "q85": 100.0,
      "q90": 108.60000000000001,
      "q95": 120.0,
      "q99": 130.66
    },
    "valores": [
      90.0,
      70.0,
      90.0,
      65.0,
      100.0,
      100.0,
      70.0,
      100.0,
      70.0,
      68.0,
      68.0,
      100.0,
      68.0,
      100.0,
      68.0,
      90.0,
      90.0,
      72.0,
      72.0,
      72.0,
      90.0,
      75.0,
      74.0,
      75.0,
      120.0,
      120.0,
      80.0,
      80.0,
      80.0,
      80.0,
      80.0,
      80.0,
      80.0,
      80.0,
      74.0,
      74.0,
      74.0,
      74.0,
      74.0,
      78.0,
      78.0,
      78.0,
      78.0,
      78.0,
      75.0,
      75.0,
      73.0,
      70.0,
      131.0,
      120.0,
      108.0,
      125.0,
      130.0,
      59.0,
      103.0,
      90.0,
      95.0,
      110.0,
      105.0,
      100.0,
      120.0,
      98.0,
      110.0,
      108.0,
      118.0,
      109.0,
      120.0,
      55.0,
      48.0,
      51.0,
      56.0,
      135.0,
      98.0,
      30.0,
      34.0,
      38.0,
      53.0,
      53.0,
      46.0,
      49.0,
      50.0,
      49.0,
      46.0,
      55.0,
      57.0,
      50.0,
      76.0,
      73.0,
      43.0,
      44.0,
      110.0,
      50.0,
      42.0,
      42.0,
      101.0,
      50.0,
      39.0,
      68.0,
      41.0,
      54.0,
      51.0,
      53.0,
      52.0,
      32.0,
      45.0,
      54.0,
      70.0,
      45.0,
      38.0,
      38.0,
      75.0,
      40.0,
      94.0,
      61.0,
      95.0,
      33.0,
      38.0,
      34.0,
      49.0,
      43.0,
      60.0,
      41.0,
      30.0,
      56.0,
      56.0,
      56.0,
      56.0,
      60.0,
      60.0,
      60.0,
      82.0,
      82.0,
      55.0,
      100.0,
      53.0
    ]
  },
  "GRT": {
    "q_low": 10.62,
    "q_high": 83.60000000000001,
    "stats": {
      "media": 42.288288288288285,
      "mediana": 38.0,
      "moda": 30.0,
      "std": 18.477695343987715,
      "max": 83.0,
      "min": 11.0,
      "n": 111
    },
    "quantis": {
      "q80": 61.0,
      "q85": 62.0,
      "q90": 69.0,
      "q95": 77.0,
      "q99": 82.0
    },